{
  "miltonMinLeverage": 10000000000000000000,
  "miltonOwner": "0xD92E9F039E4189c342b4067CC61f5d063960D248",
  "miltonSoapPayFixed": -5.91057156452635e20,
  "totalCollateralPayFixed": 1.466791089108911e22,
  "miltonIsPaused": false,
  "miltonVersion": 2,
  "miltonLiquidationDepositAmount": 25,
  "miltonSoapReceiveFixed": 2.4530393243549948e20,
  "totalCollateralReceiveFixed": 1.672707920792079e22,
  "vault": 2.8288032813500256e23,
  "miltonSpreadPayFixed": 735037794953527,
  "miltonSpreadReceiveFixed": -644851059157239,
  "miltonIncomeFeeRate": 100000000000000000,
  "miltonSoap": -3.4575322401713553e20,
  "miltonSpreadModel": "0xFB2eE9B9490d999D1F50A27f66410699c7e95318",
  "miltonFacadeDataProviderOwner": "0xD92E9F039E4189c342b4067CC61f5d063960D248",
  "miltonJoseph": "0x086d4daab14741b195deE65aFF050ba184B65045",
  "miltonFacadeDataProviderVersion": 2,
  "miltonAsset": "0x6B175474E89094C44Da98b954EedeAC495271d0F",
  "miltonMaxLpUtilizationPerLegRate": 480000000000000000,
  "miltonMaxSwapCollateralAmount": 1e23,
  "miltonIporPublicationFee": 10000000000000000000,
  "miltonOpeningFeeTreasuryPortionRate": 0,
  "milton": "0xEd7d74AA7eB1f12F83dA36DFaC1de2257b4e7523",
  "liquidityPool": 5.214440606767161e23,
  "miltonMaxLpUtilizationRate": 800000000000000000,
  "blockTimestamp": 1673713247,
  "blockNumber": 16406200,
  "miltonOpeningFeeRate": 10000000000000000,
  "miltonWadLiquidationDepositAmount": 2.5e19,
  "miltonMaxLeverage": 1e21
}